Category, Annotator 1, Annotator 2, SegSim, BoundSim
l1n1, JH, YH, 0.9992163500720957933671870102, 0.1071428571428571428571428571
l1n2, JH, YH, N/A, N/A
l2n1, JH, YH, N/A, N/A
