Category, Annotator 1, Annotator 2, SegSim, BoundSim
l1n1, JH, YH, 0.9982030218571219011295291184, 0.1694915254237288135593220339
l2n1, JH, YH, N/A, N/A
