Category, Annotator 1, Annotator 2, SegSim, BoundSim
l1n1, JH, YH, 0.9999115670321896002829854970, 0.3333333333333333333333333333
l1n2, JH, YH, 0.9998231340643792005659709940, 0
l1n3, JH, YH, N/A, N/A
