Category, Annotator 1, Annotator 2, SegSim, BoundSim
l1n1, JH, YH, 0.9969643121575596031393454761, 0.1276595744680851063829787234
l2n1, JH, YH, 1, 1
