Category, Annotator 1, Annotator 2, SegSim, BoundSim
L1N1|n_id:a,n_d:he,t:undef, JH, YH, 0.9997197702115734902620148522, 0.1428571428571428571428571429
L1N2|n_id:a,n_d:he,t:undef, JH, YH, 0.9999065900705244967540049507, 0.3333333333333333333333333333
L1N3|n_id:a,n_d:he,t:undef, JH, YH, 0.9997197702115734902620148522, 0
L2N1|n_id:a,n_d:he,t:undef,b_t:i/v,b_sc:L1N3, JH, YH, N/A, N/A
