Category, Annotator 1, Annotator 2, SegSim, BoundSim
1, MH, RF, 1, 1
2, MH, RF, 0.9988153413297793573226714053, 0.1111111111111111111111111111
