Category, Annotator 1, Annotator 2, SegSim, BoundSim
1a1, AS, DK, 0.9999115670321896002829854970, 0.3333333333333333333333333333
