Category, Annotator 1, Annotator 2, SegSim, BoundSim
1A1, AS, DK, 0.9996670551023805560179790245, 0.1111111111111111111111111111
2A1, AS, DK, N/A, N/A
2B2, AS, DK, N/A, N/A
3B3, AS, DK, N/A, N/A
