Category, Annotator 1, Annotator 2, SegSim, BoundSim
1a1, AS, DK, 0.9996670551023805560179790245, 0.1111111111111111111111111111
2a1, AS, DK, N/A, N/A
2b2, AS, DK, N/A, N/A
3b3, AS, DK, N/A, N/A
