Category, Annotator 1, Annotator 2, SegSim, BoundSim
CHARACTER_0, CB, MM, 0.9994984640461413077549996865, 0.4666666666666666666666666667
FOC_UNR, CB, MM, 1, 1
NARRATOR_0, CB, MM, 1, 1
NC, CB, MM, N/A, N/A
TURN, CB, MM, 0.9996865400288383173468748041, 0.7368421052631578947368421053
VOICE_3, CB, MM, 1, 1
