Category, Annotator 1, Annotator 2, SegSim, BoundSim
character_1, CB, MM, N/A, N/A
characters_0, CB, MM, 0.9977446090655713657033885874, 0.5
foc_int, CB, MM, N/A, N/A
foc_unr, CB, MM, N/A, N/A
narrator_0, CB, MM, 1, 1
nc, CB, MM, 0.9959659674343552882499633270, 0.3125
turn, CB, MM, 0.9975979169722751943670236174, 0.7176724137931034482758620690
voice_3, CB, MM, 1, 1
