Category, Annotator 1, Annotator 2, SegSim, BoundSim
CHARACTERS_0, CB, MM, 0.9977446090655713657033885874, 0.5
CHARACTER_1, CB, MM, N/A, N/A
FOC_INT, CB, MM, N/A, N/A
FOC_UNR, CB, MM, N/A, N/A
NARRATOR_0, CB, MM, 1, 1
NC, CB, MM, 0.9959659674343552882499633270, 0.3125
TURN, CB, MM, 0.9975979169722751943670236174, 0.7176724137931034482758620690
VOICE_3, CB, MM, 1, 1
