Category, Annotator 1, Annotator 2, SegSim, BoundSim
CHARACTERS_0, CB, MM, 0.9991527817000847218299915278, 0.58
FOC_INT, CB, MM, 0.9996772501714608464114253439, 0.2
NARRATOR, CB, MM, N/A, N/A
NARRATOR_0, CB, MM, N/A, N/A
NARRATOR_1, CB, MM, N/A, N/A
NC, CB, MM, N/A, N/A
NC , CB, MM, N/A, N/A
TURN, CB, MM, 0.9992939847500706015249929398, 0.8177083333333333333333333333
VOICE_1, CB, MM, 0.9996772501714608464114253439, 0.2
