Category, Annotator 1, Annotator 2, SegSim, BoundSim
CHARACTERS_0, CB, MM, 0.9990744854138901229083370354, 0.375
CHARACTERS_1, CB, MM, 0.9996668147490004442470013327, 0.55
FOC_INT, CB, MM, 1, 1
NARRATOR_0, CB, MM, 1, 1
NC, CB, MM, 0.9976306826595587146453428106, 0.4385964912280701754385964912
TURN, CB, MM, 0.9984451354953354064860062195, 0.6666666666666666666666666667
VOICE_1, CB, MM, 1, 1
