Category, Annotator 1, Annotator 2, SegSim, BoundSim
characters_0, CB, MM, 0.9990744854138901229083370354, 0.375
characters_1, CB, MM, 0.9996668147490004442470013327, 0.55
foc_int, CB, MM, 1, 1
narrator_0, CB, MM, 1, 1
nc, CB, MM, 0.9976306826595587146453428106, 0.4385964912280701754385964912
turn, CB, MM, 0.9984451354953354064860062195, 0.6666666666666666666666666667
voice_1, CB, MM, 1, 1
